method,aggregation,n,coverage,coverage_ci95_lower,coverage_ci95_upper,mean_K,mean_K_ci95_lower,mean_K_ci95_upper,probing_overhead,probing_overhead_ci95_lower,probing_overhead_ci95_upper,measured_power_loss_db,measured_power_loss_db_ci95_lower,measured_power_loss_db_ci95_upper,outage_1db,outage_1db_ci95_lower,outage_1db_ci95_upper,outage_3db,outage_3db_ci95_lower,outage_3db_ci95_upper,outage_6db,outage_6db_ci95_lower,outage_6db_ci95_upper,normalized_se_gap_10db,normalized_se_gap_10db_ci95_lower,normalized_se_gap_10db_ci95_upper
adaptive_topk_q090,Scenario8,437,0.9519450800915332,0.931350114416476,0.9702517162471396,3.8237986270022883,3.7070938215102975,3.9382151029748282,0.059746853546910755,0.0579233409610984,0.06153461098398169,0.012486044879344406,0.0046335794741945106,0.022653897063210776,0.006864988558352402,0.0,0.016018306636155607,0.0,0.0,0.0,0.0,0.0,0.0,0.003738653277307031,0.0013923855272335282,0.0067718131917091084
adaptive_topk_q090,Scenario9,593,0.93929173693086,0.9190556492411467,0.9578414839797639,4.263069139966273,4.161888701517706,4.365935919055649,0.06661045531197302,0.06502951096121416,0.06821774873524451,0.015599645090233656,0.00938037451245335,0.022875200301525983,0.0016863406408094434,0.0,0.00505902192242833,0.0,0.0,0.0,0.0,0.0,0.0,0.004686360752231214,0.002821586095466232,0.006859562355766278
adaptive_topk_q090,pooled,1030,0.9446601941747573,0.9300970873786408,0.958252427184466,4.076699029126214,4.0,4.153398058252427,0.0636984223300971,0.0625,0.06489684466019417,0.014278632185225305,0.009182725315587871,0.020045122450693783,0.003883495145631068,0.000970873786407767,0.007766990291262136,0.0,0.0,0.0,0.0,0.0,0.0,0.004284275153646876,0.0027577113313558732,0.006007896805721238
adaptive_topk_q095,Scenario8,437,0.9725400457665904,0.9565217391304348,0.9862700228832952,4.739130434782608,4.585755148741419,4.890160183066362,0.07404891304347826,0.07165242419908467,0.0764087528604119,0.008496317955333059,0.0020200333022000676,0.01729987262517262,0.004576659038901602,0.0,0.011441647597254004,0.0,0.0,0.0,0.0,0.0,0.0,0.0025430392517773537,0.0006091212612920232,0.005168876605590711
adaptive_topk_q095,Scenario9,593,0.9662731871838112,0.9510961214165261,0.9797639123102867,5.232715008431703,5.107925801011804,5.357504215851602,0.08176117200674536,0.07981134064080944,0.08371100337268128,0.008742064514106168,0.004135416570982309,0.014720810888898976,0.0016863406408094434,0.0,0.00505902192242833,0.0,0.0,0.0,0.0,0.0,0.0,0.002625397478824989,0.0012455553683678648,0.004415513953452202
adaptive_topk_q095,pooled,1030,0.9689320388349515,0.9572815533980582,0.9796116504854369,5.023300970873787,4.9281553398058255,5.121359223300971,0.07848907766990292,0.07700242718446602,0.08002123786407767,0.008637801168296606,0.004666852255780319,0.01357238326863001,0.002912621359223301,0.0,0.006796116504854369,0.0,0.0,0.0,0.0,0.0,0.0,0.0025904552019125455,0.0014007147026874182,0.004065637706377087
adaptive_topk_q0975,Scenario8,437,0.988558352402746,0.977116704805492,0.9977116704805492,5.638443935926773,5.45537757437071,5.8192219679633865,0.08810068649885583,0.08524027459954234,0.09092534324942791,0.004715488003870796,8.716538671436756e-05,0.011174141574832397,0.002288329519450801,0.0,0.006864988558352402,0.0,0.0,0.0,0.0,0.0,0.0,0.0014120900978973592,2.6317108377352054e-05,0.003344250331922258
adaptive_topk_q0975,Scenario9,593,0.9797639123102867,0.9679595278246206,0.9898819561551433,6.220910623946037,6.077571669477234,6.365935919055649,0.09720172849915683,0.09496205733558179,0.09946774873524451,0.006552664827128057,0.0023233597707259654,0.01230823451685753,0.0016863406408094434,0.0,0.00505902192242833,0.0,0.0,0.0,0.0,0.0,0.0,0.0019660810479471915,0.0006996222343037576,0.003691670884526333
adaptive_topk_q0975,pooled,1030,0.983495145631068,0.974757281553398,0.9912621359223301,5.97378640776699,5.86116504854369,6.087378640776699,0.09334041262135923,0.09158070388349515,0.09511529126213593,0.005773202427357744,0.002507379550610133,0.009964715946612987,0.001941747572815534,0.0,0.0048543689320388345,0.0,0.0,0.0,0.0,0.0,0.0,0.0017310382856444958,0.0007536050225749779,0.0029821229404254717
adaptive_topk_q099,Scenario8,437,0.9954233409610984,0.988558352402746,1.0,6.862700228832952,6.643020594965675,7.082379862700229,0.10722969107551487,0.10379719679633867,0.11066218535469108,0.0011936802330524525,0.0,0.003374758160682564,0.0,0.0,0.0,0.0,0.0,0.0,0.0,0.0,0.0,0.0003590408151917829,0.0,0.0010148855767578855
adaptive_topk_q099,Scenario9,593,0.9881956155143339,0.9780775716694773,0.9966273187183811,7.524451939291737,7.355817875210793,7.691399662731872,0.11756956155143339,0.11493465430016864,0.1201781197301855,0.003444912469523196,0.0008867327554403718,0.007010809549274295,0.0,0.0,0.0,0.0,0.0,0.0,0.0,0.0,0.0,0.0010355619757546329,0.0002670282823832107,0.002106059822472779
adaptive_topk_q099,pooled,1030,0.9912621359223301,0.9854368932038835,0.996116504854369,7.2436893203883495,7.109708737864078,7.379611650485437,0.11318264563106796,0.11108919902912621,0.11530643203883495,0.002489778015797259,0.0007941786711094524,0.004723954186848581,0.0,0.0,0.0,0.0,0.0,0.0,0.0,0.0,0.0,0.0007485330950109771,0.00023930706652550057,0.0014182302456214953
exhaustive_64,Scenario8,437,1.0,1.0,1.0,64.0,64.0,64.0,1.0,1.0,1.0,0.0,0.0,0.0,0.0,0.0,0.0,0.0,0.0,0.0,0.0,0.0,0.0,0.0,0.0,0.0
exhaustive_64,Scenario9,593,1.0,1.0,1.0,64.0,64.0,64.0,1.0,1.0,1.0,0.0,0.0,0.0,0.0,0.0,0.0,0.0,0.0,0.0,0.0,0.0,0.0,0.0,0.0,0.0
exhaustive_64,pooled,1030,1.0,1.0,1.0,64.0,64.0,64.0,1.0,1.0,1.0,0.0,0.0,0.0,0.0,0.0,0.0,0.0,0.0,0.0,0.0,0.0,0.0,0.0,0.0,0.0
fixed_top1,Scenario8,437,0.5331807780320366,0.48735697940503436,0.5789473684210527,1.0,1.0,1.0,0.015625,0.015625,0.015625,0.2290163968142013,0.18456199365487239,0.27841724826780206,0.06636155606407322,0.043478260869565216,0.09153318077803203,0.006864988558352402,0.0,0.016018306636155607,0.0,0.0,0.0,0.06801738149185528,0.05499077426448141,0.08243261185084073
fixed_top1,Scenario9,593,0.5059021922428331,0.4671163575042159,0.5463743676222597,1.0,1.0,1.0,0.015625,0.015625,0.015625,0.3006569028366339,0.25617677826121693,0.34856146886163675,0.08768971332209106,0.0657672849915683,0.11129848229342328,0.008431703204047217,0.0016863406408094434,0.016863406408094434,0.0,0.0,0.0,0.08926036108132804,0.07625490042174843,0.10330723017353557
fixed_top1,pooled,1030,0.5174757281553398,0.487378640776699,0.5475728155339806,1.0,1.0,1.0,0.015625,0.015625,0.015625,0.27026185319410667,0.23781457228709274,0.30464008794639635,0.07864077669902912,0.06308252427184469,0.09514563106796116,0.007766990291262136,0.002912621359223301,0.013592233009708738,0.0,0.0,0.0,0.08024756294482357,0.07079542303501862,0.09025664591251528
fixed_top3,Scenario8,437,0.8947368421052632,0.8649885583524027,0.9221967963386728,3.0,3.0,3.0,0.046875,0.046875,0.046875,0.024676430867791387,0.014743896132862144,0.036301938988067564,0.006864988558352402,0.0,0.016018306636155607,0.0,0.0,0.0,0.0,0.0,0.0,0.00740550164796574,0.004432426594837344,0.010877470321865283
fixed_top3,Scenario9,593,0.8381112984822934,0.8077571669477235,0.866779089376054,3.0,3.0,3.0,0.046875,0.046875,0.046875,0.05012233021954044,0.036678430863803554,0.0652594326729613,0.008431703204047217,0.0016863406408094434,0.016863406408094434,0.0,0.0,0.0,0.0,0.0,0.0,0.015023676867657869,0.01100922533961928,0.01953337334186745
fixed_top3,pooled,1030,0.8621359223300971,0.8407766990291262,0.8825242718446602,3.0,3.0,3.0,0.046875,0.046875,0.046875,0.03932635156253623,0.030390091561367013,0.04910587122259542,0.007766990291262136,0.002912621359223301,0.013592233009708738,0.0,0.0,0.0,0.0,0.0,0.0,0.011791499614254509,0.009115871733136128,0.014710641472039697
fixed_top5,Scenario8,437,0.965675057208238,0.9473684210526315,0.9816933638443935,5.0,5.0,5.0,0.078125,0.078125,0.078125,0.007169787596285041,0.0023660033608972056,0.013911985309321771,0.002288329519450801,0.0,0.006864988558352402,0.0,0.0,0.0,0.0,0.0,0.0,0.002152079496620255,0.0007131810924580074,0.004170549868219472
fixed_top5,Scenario9,593,0.9578414839797639,0.9409780775716695,0.9730185497470489,5.0,5.0,5.0,0.078125,0.078125,0.078125,0.01057770233506736,0.005479222906130199,0.016587638189093864,0.0,0.0,0.0,0.0,0.0,0.0,0.0,0.0,0.0,0.0031784517513563427,0.0016470122235824434,0.004980076653810649
fixed_top5,pooled,1030,0.9611650485436893,0.9485436893203884,0.9728155339805825,5.0,5.0,5.0,0.078125,0.078125,0.078125,0.009131820062399522,0.005420481857841358,0.013558880803372019,0.000970873786407767,0.0,0.002912621359223301,0.0,0.0,0.0,0.0,0.0,0.0,0.0027429909015314197,0.0016300267888781739,0.004068349766800015
oracle_gt_best_beam_k1,Scenario8,437,1.0,1.0,1.0,1.0,1.0,1.0,0.015625,0.015625,0.015625,0.0,0.0,0.0,0.0,0.0,0.0,0.0,0.0,0.0,0.0,0.0,0.0,0.0,0.0,0.0
oracle_gt_best_beam_k1,Scenario9,593,1.0,1.0,1.0,1.0,1.0,1.0,0.015625,0.015625,0.015625,0.0,0.0,0.0,0.0,0.0,0.0,0.0,0.0,0.0,0.0,0.0,0.0,0.0,0.0,0.0
oracle_gt_best_beam_k1,pooled,1030,1.0,1.0,1.0,1.0,1.0,1.0,0.015625,0.015625,0.015625,0.0,0.0,0.0,0.0,0.0,0.0,0.0,0.0,0.0,0.0,0.0,0.0,0.0,0.0,0.0
