codebook_size,policy,beam_outage_count,beam_outage_rate,coverage_hit_count,coverage_rate,critical_conditioned_outage,critical_event_count,critical_event_coverage,critical_hit_count,critical_label_valid_count,fallback_count,joint_critical_miss_denominator,joint_critical_miss_numerator,joint_critical_miss_rate,mean_K,mean_beam_gain_loss_db,mean_ber,mean_effective_rate_bps,mean_effective_rate_loss_bps,mean_optical_gain,mean_physical_probe_count,mean_probing_overhead_fraction,mean_received_power_loss_db,mean_received_power_normalized,mean_snr_db,mean_snr_loss_db,mean_solver_runtime_s,trials
16,fixed_top_1,5081,0.2039170044547899,19836,0.7960829955452101,,0,,0,24917,0,24917,0,0.0,1.0,48.46350123688122,0.42411360143566057,575828809.9244833,46106479.827125885,0.047271535607155135,1.0,0.00010000000000003347,48.46350123688122,0.047271535607155135,-539.0475648056916,42.6888913334477,,24917
16,fixed_top_3,2307,0.09258739013524903,22610,0.9074126098647509,,0,,0,24917,0,24917,0,0.0,3.0,13.536979893082572,0.39688167908834837,602937385.41538,18997904.336231284,0.085068308660176,3.0,0.0003000000000001324,13.536979893082572,0.085068308660176,-482.1654383702633,12.252216527526825,,24917
16,fixed_top_5,1239,0.04972508728980214,23678,0.9502749127101978,,0,,0,24917,0,24917,0,0.0,5.0,8.129040426562282,0.38839126736098845,611302928.2726929,10632361.47891715,0.09636393444722809,5.0,0.0005000000000001498,8.129040426562282,0.09636393444722809,-472.3067623389884,7.056304165465494,,24917
16,fixed_q_0.95,486,0.019504755789220212,24431,0.9804952442107798,,0,,0,24917,0,24917,0,0.0,3.1583657743709113,4.518565232773586,0.3828358410448181,616932552.3030744,5002737.448534273,0.09997114670794874,3.1583657743709113,0.0003158365774370588,4.518565232773586,0.09997114670794874,-466.799949144034,3.935298500639958,,24917
16,fixed_q_0.99,240,0.009631978167516153,24677,0.9903680218324838,,0,,0,24917,0,24917,0,0.0,3.981177509330979,2.2921634042030004,0.38062927107173644,619077802.1965955,2857487.55501497,0.10265449625492323,3.981177509330979,0.0003981177509330491,2.2921634042030004,0.10265449625492323,-463.9151647524224,2.0150864512443176,,24917
16,exhaustive,0,0.0,24917,1.0,,0,,0,24917,0,24917,0,0.0,16.0,0.0,0.3780025104994405,621002293.5173593,932996.2342508477,0.10532703472941034,16.0,0.0016000000000005355,0.0,0.10532703472941034,-460.34431652826186,0.0,,24917
16,uncertainty_only_adaptive_topk,18002,0.7224786290484408,6915,0.27752137095155915,,0,,0,24917,0,24917,0,0.0,14.705020668619818,0.22997581872724004,0.3789954501711056,620135183.7724577,1800105.9791524943,0.10412468556088617,14.717221174298672,0.0014717221174300951,0.22997581872724004,0.10412468556088617,-460.7792214671831,0.22997581872724004,,24917
16,heuristic_q,648,0.026006341052293616,24269,0.9739936589477064,,0,,0,24917,0,24917,0,0.0,3.023477946783321,5.945740356254114,0.3845422333657259,615240529.0601205,6694760.6914906595,0.09770915085130308,3.023477946783321,0.0003023477946783055,5.945740356254114,0.09770915085130308,-468.92012817453076,5.01790648312084,,24917
16,proposed_C2,469,0.01882249066902115,24448,0.9811775093309788,,0,,0,24917,0,24917,0,0.0,3.3792591403459484,4.262796705736128,0.3826295030693366,617124555.0581414,4810734.693466969,0.10019370172093127,3.3792591403459484,0.0003379259140345605,4.262796705736128,0.10019370172093127,-466.6976795088488,3.7846451281338673,,24917
16,oracle_eval_only,0,0.0,24917,1.0,,0,,0,24917,0,24917,0,0.0,1.0,0.0,0.3780025104994405,621935289.7516109,0.0,0.10532703472941034,1.0,0.00010000000000003347,0.0,0.10532703472941034,-460.34431652826186,0.0,,24917
32,fixed_top_1,6053,0.24292651603323032,18864,0.7570734839667697,,0,,0,24917,0,24917,0,0.0,1.0,159.64858182653444,0.4665188762384948,533427775.64912885,51491141.9693334,0.014468720507399906,1.0,0.00010000000000003347,159.64858182653444,0.014468720507399906,-623.5710825678888,106.46439892467137,,24917
32,fixed_top_3,3999,0.16049283621623792,20918,0.8395071637837621,,0,,0,24917,0,24917,0,0.0,3.0,48.40914900800536,0.4428239683816591,557008878.8088534,27910038.80960791,0.032495293436817896,3.0,0.0003000000000001324,48.40914900800536,0.032495293436817896,-449.89010801450615,39.549960198481315,,24917
32,fixed_top_5,2677,0.10743668981016977,22240,0.8925633101898303,,0,,0,24917,0,24917,0,0.0,5.0,32.83374571161253,0.43174009399891267,567975776.0480865,16943141.5703756,0.04262606187073703,5.0,0.0005000000000001498,32.83374571161253,0.04262606187073703,-415.9360070187828,25.568464114801856,,24917
32,fixed_q_0.95,554,0.022233816270016454,24363,0.9777661837299836,,0,,0,24917,0,24917,0,0.0,5.435044347232813,10.726167048454005,0.4193845415905958,580253667.6915698,4665249.926892508,0.0522828699972758,5.435044347232813,0.0005435044347232025,10.726167048454005,0.0522828699972758,-371.33820599008146,6.979289361034624,,24917
32,fixed_q_0.99,268,0.010755708953726371,24649,0.9892442910462736,,0,,0,24917,0,24917,0,0.0,7.090660994501746,5.4901530242033845,0.4170959668197756,582431868.6801416,2487048.938320422,0.0542284466771686,7.090660994501746,0.0007090660994500829,5.4901530242033845,0.0542284466771686,-363.250470659151,3.543728935222573,,24917
32,exhaustive,0,0.0,24917,1.0,,0,,0,24917,0,24917,0,0.0,32.0,0.0,0.4150225846400017,583105487.6308467,1813429.9876160012,0.05561907956045215,32.0,0.003200000000001071,0.0,0.05561907956045215,-354.60854953944164,0.0,,24917
32,uncertainty_only_adaptive_topk,18025,0.7234016936228278,6892,0.2765983063771722,,0,,0,24917,0,24917,0,0.0,29.313801822049204,0.8142589094910315,0.41606222307964946,582249792.9117975,2669124.706665533,0.054693103914594435,30.273387646988,0.0030273387646991847,0.8142589094910315,0.054693103914594435,-356.3084338429088,0.7429671755176983,,24917
32,heuristic_q,745,0.029899265561664726,24172,0.9701007344383352,,0,,0,24917,0,24917,0,0.0,5.156278845767949,13.717723127484208,0.42111974996398194,578542714.2183739,6376203.400088751,0.050706716974764754,5.156278845767949,0.00051562788457672,13.717723127484208,0.050706716974764754,-376.4932158238084,9.14261123418753,,24917
32,proposed_C2,531,0.02131075169562949,24386,0.9786892483043705,,0,,0,24917,0,24917,0,0.0,5.788016213829915,10.335671125784867,0.41915958986911417,580457365.5377414,4461552.080720489,0.05240169156423649,5.788016213829915,0.0005788016213829107,10.335671125784867,0.05240169156423649,-370.6506202885137,6.601008555416614,,24917
32,oracle_eval_only,0,0.0,24917,1.0,,0,,0,24917,0,24917,0,0.0,1.0,0.0,0.4150225846400017,584918917.6184627,0.0,0.05561907956045215,1.0,0.00010000000000003347,0.0,0.05561907956045215,-354.60854953944164,0.0,,24917
64,fixed_top_1,6624,0.26584259742344585,18293,0.7341574025765542,,0,,0,24917,0,24917,0,0.0,1.0,261.68058474808083,0.4904742487292014,509474798.6956715,34367664.26812277,0.0033723843532078948,1.0,0.00010000000000003347,261.68058474808083,0.0033723843532078948,-657.4992496979934,93.95734046946616,,24917
64,fixed_top_3,5406,0.21696030822330137,19511,0.7830396917766986,,0,,0,24917,0,24917,0,0.0,3.0,119.43678190335939,0.4802950225306337,519549065.9761256,24293396.98766818,0.00906845371688297,3.0,0.0003000000000001324,119.43678190335939,0.00906845371688297,-574.5857099553504,68.82209728845648,,24917
64,fixed_top_5,4354,0.17474013725568888,20563,0.8252598627443111,,0,,0,24917,0,24917,0,0.0,5.0,86.97765577829169,0.47370142463350884,526035426.07880944,17807036.88498454,0.013086279613098174,5.0,0.0005000000000001498,86.97765577829169,0.013086279613098174,-524.2795006264563,50.71931772786554,,24917
64,fixed_q_0.95,595,0.02387927920696713,24322,0.9761207207930329,,0,,0,24917,0,24917,0,0.0,9.94951238110527,19.149923760548845,0.4587276803181266,540688761.4410025,3153701.5227906364,0.023662147872675697,9.94951238110527,0.0009949512381104135,19.149923760548845,0.023662147872675697,-407.75330651733594,9.02347229861984,,24917
64,fixed_q_0.99,291,0.011678773528113336,24626,0.9883212264718867,,0,,0,24917,0,24917,0,0.0,13.228358149054863,9.653531534448321,0.4572127154396363,542011801.3095479,1830661.6542448842,0.02480457521430804,13.228358149054863,0.0013228358149054338,9.653531534448321,0.02480457521430804,-396.6096610695518,5.304039294122843,,24917
64,exhaustive,0,0.0,24917,1.0,,0,,0,24917,0,24917,0,0.0,64.0,0.0,0.45610314735094143,540415912.7921041,3426550.1716890703,0.025546702687712787,64.0,0.006400000000002142,0.0,0.025546702687712787,-381.891820956632,0.0,,24917
64,uncertainty_only_adaptive_topk,18034,0.7237628928041097,6883,0.27623710719589034,,0,,0,24917,0,24917,0,0.0,58.538387446321785,2.0946807518081094,0.45681942218714006,540041550.9130284,3800912.050764434,0.024923445147200646,59.497451539109846,0.005949745153910992,2.0946807518081094,0.024923445147200646,-386.33555473554685,1.6359195644362785,,24917
64,heuristic_q,805,0.03230726010354377,24112,0.9676927398964562,,0,,0,24917,0,24917,0,0.0,9.372877954809969,25.136481865217903,0.4599493172743,539506560.5548142,4335902.408979714,0.02287894218454254,9.372877954809969,0.0009372877954808877,25.136481865217903,0.02287894218454254,-413.96291367857316,11.345168240857529,,24917
64,proposed_C2,581,0.02331741381386202,24336,0.976682586186138,,0,,0,24917,0,24917,0,0.0,10.481598908375808,18.593196883570982,0.4586697092281155,540717704.2390429,3124758.724751074,0.023683401718755017,10.481598908375808,0.0010481598908374675,18.593196883570982,0.023683401718755017,-406.75382527515865,8.638731765350887,,24917
64,oracle_eval_only,0,0.0,24917,1.0,,0,,0,24917,0,24917,0,0.0,1.0,0.0,0.45610314735094143,543842462.9637938,0.0,0.025546702687712787,1.0,0.00010000000000003347,0.0,0.025546702687712787,-381.891820956632,0.0,,24917
