arm,bin,lower,upper,count,mean_probability,empirical_rate,absolute_gap
raw,0,0.0,0.06666666666666667,271506,0.0003482564324084919,3.683159856504092e-06,0.0003445732725519878
raw,1,0.06666666666666667,0.13333333333333333,955,0.09457624345549738,0.0010471204188481676,0.09352912303664922
raw,2,0.13333333333333333,0.2,446,0.16252594678391255,0.002242152466367713,0.16028379431754483
raw,3,0.2,0.26666666666666666,222,0.22902590090090091,0.013513513513513514,0.2155123873873874
raw,4,0.26666666666666666,0.3333333333333333,138,0.2985397560009058,0.007246376811594203,0.29129337918931164
raw,5,0.3333333333333333,0.4,97,0.3640564594072165,0.0,0.3640564594072165
raw,6,0.4,0.4666666666666667,52,0.4278705303485577,0.0,0.4278705303485577
raw,7,0.4666666666666667,0.5333333333333333,31,0.49969285534274194,0.03225806451612903,0.4674347908266129
raw,8,0.5333333333333333,0.6,27,0.5626898871527778,0.1111111111111111,0.4515787760416667
raw,9,0.6,0.6666666666666666,9,0.6293402777777778,0.0,0.6293402777777778
raw,10,0.6666666666666666,0.7333333333333333,10,0.6970703125,0.0,0.6970703125
raw,11,0.7333333333333333,0.8,11,0.7612748579545454,0.0,0.7612748579545454
raw,12,0.8,0.8666666666666667,7,0.8308803013392857,0.2857142857142857,0.545166015625
raw,13,0.8666666666666667,0.9333333333333333,4,0.9114990234375,0.25,0.6614990234375
raw,14,0.9333333333333333,1.0,3,0.9698893229166666,0.6666666666666666,0.30322265625
calibrated,0,0.0,0.06666666666666667,273492,4.1642605291580955e-05,4.022055489740102e-05,1.4220503941799324e-06
calibrated,1,0.06666666666666667,0.13333333333333333,16,0.08885020265397137,0.125,0.036149797346028634
calibrated,2,0.13333333333333333,0.2,3,0.13990458608432224,0.0,0.13990458608432224
calibrated,3,0.2,0.26666666666666666,3,0.23868171529992696,0.3333333333333333,0.09465161803340635
calibrated,4,0.26666666666666666,0.3333333333333333,1,0.30563851204732306,0.0,0.30563851204732306
calibrated,5,0.3333333333333333,0.4,0,,,
calibrated,6,0.4,0.4666666666666667,0,,,
calibrated,7,0.4666666666666667,0.5333333333333333,2,0.4777414062289164,0.5,0.02225859377108358
calibrated,8,0.5333333333333333,0.6,0,,,
calibrated,9,0.6,0.6666666666666666,0,,,
calibrated,10,0.6666666666666666,0.7333333333333333,0,,,
calibrated,11,0.7333333333333333,0.8,1,0.7925972817906309,1.0,0.20740271820936906
calibrated,12,0.8,0.8666666666666667,0,,,
calibrated,13,0.8666666666666667,0.9333333333333333,0,,,
calibrated,14,0.9333333333333333,1.0,0,,,
