comparison,paired_finite_scene_count,point_delta,CI95_lo,CI95_hi,role
recovery_minus_Stage6_V3__cyclist_visibility_proxy,770,0.00043533250473049814,0.0,0.0013012752840693901,side_effect_and_bootstrap_context
recovery_minus_Stage6_V3__glare_risk_exposure,22245,0.0002571036083043066,0.0001787086938401061,0.0003405995037301287,side_effect_and_bootstrap_context
recovery_minus_Stage6_V3__over_masking_area,26209,-5.070226173760103e-05,-5.5136069591973096e-05,-4.659773321584881e-05,side_effect_and_bootstrap_context
recovery_minus_Stage6_V3__pedestrian_visibility_proxy,3567,0.00047797099641409076,0.00018861306463542878,0.0008435114386961142,side_effect_and_bootstrap_context
recovery_minus_Stage6_V3__road_illumination_retention,26209,4.8075416967880575e-05,4.369094637737443e-05,5.280694928116504e-05,side_effect_and_bootstrap_context
recovery_minus_Stage6_V3__vehicle_shadow_zone_violation,22442,0.00021967487074761802,0.0001637186415938798,0.0002798873388491707,side_effect_and_bootstrap_context
recovery_minus_reactive__cyclist_visibility_proxy,770,-0.001505054353761054,-0.0034548354264642795,0.00016123727667924795,side_effect_and_bootstrap_context
recovery_minus_reactive__glare_risk_exposure,22245,-0.000934185759762297,-0.0010691068964194831,-0.0008001571201112683,side_effect_and_bootstrap_context
recovery_minus_reactive__over_masking_area,26209,0.008174760175553951,0.008132355285554156,0.008216829973214178,side_effect_and_bootstrap_context
recovery_minus_reactive__pedestrian_visibility_proxy,3567,-0.0012835178364033024,-0.0020124844174462236,-0.0006094145609641269,side_effect_and_bootstrap_context
recovery_minus_reactive__road_illumination_retention,26209,-0.0033491485580539665,-0.003367386745728591,-0.0033306986610651835,side_effect_and_bootstrap_context
recovery_minus_reactive__vehicle_shadow_zone_violation,22442,-0.003185401762274526,-0.00346669615281428,-0.002919146373885391,side_effect_and_bootstrap_context
